<?xml version="1.0" encoding="ISO-8859-1"?>
<msms_pipeline_analysis summary_xml="CPTAC_Set4_725_091509.pep.XML" xmlns="http://regis-web.systemsbiology.net/pepXML" xmlns:xsi="http://www.w3.org/2001/XMLSchema-instance" xsi:schemaLocation="http://regis-web.systemsbiology.net/pepXML /tools/bin/TPP/tpp-ntasman/schema/pepXML_v112.xsd" date="2009-8-12T14:51:11" >
<msms_run_summary base_name="CPTAC_Set4_725_091509" raw_data_type="wiff" raw_data="wiff">
<search_summary search_id="1" base_name="CPTAC_Set4_725_091509" search_engine="Spectrum Mill - MS/MS Search" precursor_mass_type="monoisotopic" fragment_mass_type="monoisotopic" out_data_type="n/a" out_data="n/a" >
	<enzymatic_search_constraint enzyme="No enzyme" max_num_internal_cleavages="3" min_number_termini="2" />
	<search_database local_path="PA_CPTAC_SET4_BI0606_BI1035" type="AA" />
	<parameter name="user_max_parent_shift" value="177.0" />
	<parameter name="hide_html_links" value="1" />
	<parameter name="fragment_mass_tolerance" value="0.7" />
	<parameter name="maxSequenceTagLengthFilterDirection" value=">" />
	<parameter name="results_to_file" value="1" />
	<parameter name="user_min_parent_shift" value="-18.0" />
	<parameter name="output_filename" value="msdataSM\Peptide_QC\CPTAC_Set4_725_071509\results_mstag\junk.4.htm" />
	<parameter name="res_mstag_dir" value="E:\SpectrumMill\msdataSM\Peptide_QC\CPTAC_Set4_725_071509\results_mstag" />
	<parameter name="enable_multiple_mods" value="1" />
	<parameter name="tolerance_units_precursor" value="Da" />
	<parameter name="search_type" value="variable" />
	<parameter name="max_reported_hits" value="5" />
	<parameter name="parent_mass_convert" value="monoisotopic" />
	<parameter name="paramFile" value="Sue\mstag.CPTAC_Set4_Peptides.params" />
	<parameter name="minMatchedPercent" value="50" />
	<parameter name="max_num_unused_ions" value="50" />
	<parameter name="batchSize" value="81" />
	<parameter name="homology_gap_mode" value="0" />
	<parameter name="varMods" value="Oxidized-Methionine pyroGlu Deamidated-N lys-8-C-13-N-15 arg-10-C-13-N-15 pyroCarbamidomethylCys" />
	<parameter name="instrument_nameMSMS" value="5" />
	<parameter name="tolerance_units" value="Da" />
	<parameter name="instrument_name" value="ESI-LINEAR-ION-TRAP" />
	<parameter name="maxSequenceTagLengthFilter" value="3" />
	<parameter name="dataDir" value="Peptide_QC\CPTAC_Set4_725_071509" />
	<parameter name="parent_shift" value="130.0" />
	<parameter name="dna_frame_translation" value="6" />
	<parameter name="enzyme" value="No enzyme" />
	<parameter name="use_instrument_ion_types" value="1" />
	<parameter name="star_ions_off" value="1" />
	<parameter name="requestScript" value="batchTagPara.pl" />
	<parameter name="input_program_name" value="mstag" />
	<parameter name="max_ms_prod_charge" value="3" />
	<parameter name="msparams_dir" value="msparams_mill/" />
	<parameter name="unknome" value="1" />
	<parameter name="full_pi_range" value="1" />
	<parameter name="min_ions_to_search" value="4" />
	<parameter name="parent_shift_type" value="+/-" />
	<parameter name="validationState" value="spectrum-not-marked-sequence-not-validated" />
	<parameter name="species" value="All" />
	<parameter name="seqdb_dir" value="D:\seqdb\" />
	<parameter name="database" value="PA_CPTAC_SET4_BI0606_BI1035" />
	<parameter name="missed_cleavages" value="3" />
	<parameter name="parent_mass_tolerance" value="1" />
	<parameter name="filterByFeature" value="maxSequenceTagLength" />
	<parameter name="fixedMods" value="carbamidomethylation" />
	<parameter name="removeResults" value="1" />
	<parameter name="input_filename" value="PA_CPTAC_SET4_BI0606_BI1035" />
	<parameter name="full_mw_range" value="1" />
	<parameter name="mutation_matrix_off" value="0" />
</search_summary>
<spectrum_query index="1" precursor_neutral_mass="1271.9854" assumed_charge="0" spectrum="CPTAC_Set4_725_091509.0252.0718.2.pkl" precursor_m_over_z="637.0000" end_scan="0718" start_scan="0252">
	<search_result>
		<search_hit hit_rank="1" num_tot_proteins="2" fragmentIonMap="0SSSCN0SCC" parentCharge="2" num_matched_ions="19" coverage_map="1+11+0" protein_mw="1262.3" peptide="TPAQFDADELR" massdiffppm="301.1" calc_pI="4.03" calc_mPlusH_pep_mass="1272.6094" peptide_prev_aa="-" peptide_offset="0" num_tol_term="2" protein="P04083" massdiff="0.3833" calc_neutral_pep_mass="1271.6021" peptide_next_aa="-">
			<modification_info modified_peptide="TPAQFDADELr" >
				<mod_aminoacid_mass positionInProtein="11" mass="166.10911" name="arg-10-C-13-N-15" position="11" modAA="r" deltaFormula="c6 C-6 n4 N-4" deltaMass="10.008" />
			</modification_info>
			<search_score name="deltaForwardReverseScore" value="15.04" />
			<search_score name="reverseSequence" value="" />
			<search_score name="zhangSimilarityScore" value="0.000" />
			<search_score name="backbone_cleavage_score" value="8" />
			<search_score name="zhangSimilaritySPI" value="0.0" />
			<search_score name="SMscore" value="15.04" />
			<search_score name="reverseDeltaRank1Rank2Score" value="" />
			<search_score name="num_seqs_past_parent_filter" value="26" />
			<search_score name="percent_scored_peak_intensity" value="87.6" />
			<search_score name="rank2Sequence" value="" />
			<search_score name="deltaRank1Rank2Score" value="15.04" />
			<alternative_protein peptide_offset="0"  protein="P04083" />
		</search_hit>
	</search_result>
</spectrum_query>
<spectrum_query index="2" precursor_neutral_mass="1271.7054" assumed_charge="2" spectrum="CPTAC_Set4_725_091509.0273.0781.2.pkl" precursor_m_over_z="636.8600" end_scan="0781" start_scan="0273">
	<search_result>
		<search_hit hit_rank="1" num_tot_proteins="2" fragmentIonMap="0SSSC00SC0" parentCharge="2" num_matched_ions="15" coverage_map="1+11+0" protein_mw="1262.3" peptide="TPAQFDADELR" massdiffppm="81.2" calc_pI="4.03" calc_mPlusH_pep_mass="1272.6094" peptide_prev_aa="-" peptide_offset="0" num_tol_term="2" protein="P04083" massdiff="0.1033" calc_neutral_pep_mass="1271.6021" peptide_next_aa="-">
			<modification_info modified_peptide="TPAQFDADELr" >
				<mod_aminoacid_mass positionInProtein="11" mass="166.10911" name="arg-10-C-13-N-15" position="11" modAA="r" deltaFormula="c6 C-6 n4 N-4" deltaMass="10.008" />
			</modification_info>
			<search_score name="deltaForwardReverseScore" value="11.75" />
			<search_score name="reverseSequence" value="" />
			<search_score name="zhangSimilarityScore" value="0.000" />
			<search_score name="backbone_cleavage_score" value="6" />
			<search_score name="zhangSimilaritySPI" value="0.0" />
			<search_score name="SMscore" value="11.75" />
			<search_score name="reverseDeltaRank1Rank2Score" value="" />
			<search_score name="num_seqs_past_parent_filter" value="26" />
			<search_score name="percent_scored_peak_intensity" value="89.7" />
			<search_score name="rank2Sequence" value="" />
			<search_score name="deltaRank1Rank2Score" value="11.75" />
			<alternative_protein peptide_offset="0"  protein="P04083" />
		</search_hit>
	</search_result>
</spectrum_query>
