﻿<?xml version="1.0" encoding="utf-8"?>
<Contents>
  <Version>3</Version>
  <!--Acquisition Time should be in ISO 8601 format, showing the offset from UTC of-->
  <!--the time zone where the data was acquired.  Example "2005-09-20T21:53:39-08:00"-->
  <AcquiredTime>0001-01-01T00:00:00.0000000-05:00</AcquiredTime>
  <!--AcqStatus (0 = Init / 1 = Start / 2 = End)-->
  <AcqStatus>2</AcqStatus>
  <InstrumentName>Agilent 6546</InstrumentName>
  <!--LockedMode (0 = False / -1 = True)-->
  <LockedMode>0</LockedMode>
  <!--MeasurementType 0 - Unknown / 1- Infusion / 2 - Chromatographic-->
  <MeasurementType>0</MeasurementType>
</Contents>