﻿<?xml version="1.0" encoding="utf-8"?>
<FrameMethods>
    <FileVersion>1.1</FileVersion>
    <FrameMethod FrameMethId="1">
        <DefMassCalId>1</DefMassCalId>
        <!--1=Raw; 2=HiLow; 4=DualGain; 8=TLPP; etc-->
        <DetectorGainMode>1</DetectorGainMode>
        <!--1=None; 2=Selective; 4=NonSelective; 8=HiLoFrag-->
        <FragOpMode>1</FragOpMode>
        <!--milliseconds-->
        <FrameDtPeriod>0.427745875873581</FrameDtPeriod>
        <!--nanoseconds-->
        <FrameMsXPeriod>0.5</FrameMsXPeriod>
        <FrameSpecAbundLimit>65536</FrameSpecAbundLimit>
        <FrameSpecFmtId>1</FrameSpecFmtId>
        <!--1=Sample; 2=Calibration; etc.-->
        <FrameType>1</FrameType>
        <ImsGas>N2</ImsGas>
        <!--1=SingleGate; 2=MuxGate; etc.-->
        <ImsGateMode>1</ImsGateMode>
        <!--Milliseconds-->
        <ImsGateOpenTime>1</ImsGateOpenTime>
        <!--1=None; 2=RealTime; 3=PostRun; etc.-->
        <ImsMuxProcessing>1</ImsMuxProcessing>
        <!--1=Single; 2=Dynamic; 3=Multi; 4=Stitched; etc.-->
        <ImsTrapMode>1</ImsTrapMode>
        <!--1=Mixed; 2=EI; 4=CI; 64=ESI; etc-->
        <IonizationMode>64</IonizationMode>
        <!--0=Pos; 1=Neg; 3=Mixed-->
        <IonPolarity>1</IonPolarity>
        <MaxMsBin>206976</MaxMsBin>
        <MaxMsPerFrame>2342</MaxMsPerFrame>
        <MinMsBin>0</MinMsBin>
        <NumTransients>1</NumTransients>
        <Threshold>0</Threshold>
        <TfsPeakSpecFormatId>3</TfsPeakSpecFormatId>
        <TfsProfileSpecFormatId>2</TfsProfileSpecFormatId>
        <!--1=Mixed; 2=Profile; 3=Peak-->
        <TfsStorageMode>2</TfsStorageMode>
    </FrameMethod>
</FrameMethods>