<SampleInfo>
  <Version>1.0</Version>
  <Field>
    <Name>Dilution</Name>
    <DisplayName>Dilution</DisplayName>
    <Value>0</Value>
    <DataType>8</DataType>
    <Units>
    </Units>
  </Field>
  <Field>
    <Name>Inj Vol (µl)</Name>
    <DisplayName>Inj Vol (µl)</DisplayName>
    <Value>0</Value>
    <DataType>8</DataType>
    <Units>
    </Units>
  </Field>
  <Field>
    <Name>Wt/Vol</Name>
    <DisplayName>Wt/Vol</DisplayName>
    <Value>0</Value>
    <DataType>8</DataType>
    <Units>
    </Units>
  </Field>
  <Field>
    <Name>Sample ID</Name>
    <DisplayName>Sample ID</DisplayName>
    <Value>
    </Value>
    <DataType>8</DataType>
    <Units>
    </Units>
  </Field>
  <Field>
    <Name>Sample Name</Name>
    <DisplayName>Sample Name</DisplayName>
    <Value>Agilent Tuning Mix</Value>
    <DataType>8</DataType>
    <Units>
    </Units>
  </Field>
  <Field>
    <Name>Sample Position</Name>
    <DisplayName>Sample Position</DisplayName>
    <Value>P1A2</Value>
    <DataType>8</DataType>
    <Units>
    </Units>
  </Field>
  <Field>
    <Name>Sample Type</Name>
    <DisplayName>Sample Type</DisplayName>
    <Value>
    </Value>
    <DataType>8</DataType>
    <Units>
    </Units>
  </Field>
  <Field>
    <Name>Data File</Name>
    <DisplayName>Data File</DisplayName>
    <Value>c:\acorn\data\d151de2b-654c-4f40-b819-63c679baba33.mbi</Value>
    <DataType>8</DataType>
    <Units>
    </Units>
  </Field>
  <Field>
    <Name>Method</Name>
    <DisplayName>Method</DisplayName>
    <Value>Tarun PFAS</Value>
    <DataType>8</DataType>
    <Units>
    </Units>
  </Field>
  <Field>
    <Name>Override DA Method</Name>
    <DisplayName>Override DA Method</DisplayName>
    <Value>
    </Value>
    <DataType>8</DataType>
    <Units>
    </Units>
  </Field>
  <Field>
    <Name>Level Name</Name>
    <DisplayName>Level Name</DisplayName>
    <Value>
    </Value>
    <DataType>8</DataType>
    <Units>
    </Units>
  </Field>
  <Field>
    <Name>Comment</Name>
    <DisplayName>Comment</DisplayName>
    <Value>
    </Value>
    <DataType>8</DataType>
    <Units>
    </Units>
  </Field>
  <Field>
    <Name>Balance Override</Name>
    <DisplayName>Balance Override</DisplayName>
    <Value>
    </Value>
    <DataType>8</DataType>
    <Units>
    </Units>
  </Field>
  <Field>
    <Name>Barcode</Name>
    <DisplayName>Barcode</DisplayName>
    <Value>
    </Value>
    <DataType>8</DataType>
    <Units>
    </Units>
  </Field>
  <Field>
    <Name>Equilib Time (min)</Name>
    <DisplayName>Equilib Time (min)</DisplayName>
    <Value>0</Value>
    <DataType>8</DataType>
    <Units>
    </Units>
  </Field>
  <Field>
    <Name>Plate Code</Name>
    <DisplayName>Plate Code</DisplayName>
    <Value>
    </Value>
    <DataType>8</DataType>
    <Units>
    </Units>
  </Field>
  <Field>
    <Name>Plate Position</Name>
    <DisplayName>Plate Position</DisplayName>
    <Value>
    </Value>
    <DataType>8</DataType>
    <Units>
    </Units>
  </Field>
  <Field>
    <Name>Rack Code</Name>
    <DisplayName>Rack Code</DisplayName>
    <Value>
    </Value>
    <DataType>8</DataType>
    <Units>
    </Units>
  </Field>
  <Field>
    <Name>Rack Position</Name>
    <DisplayName>Rack Position</DisplayName>
    <Value>
    </Value>
    <DataType>8</DataType>
    <Units>
    </Units>
  </Field>
  <Field>
    <Name>OperatorName</Name>
    <DisplayName>OperatorName</DisplayName>
    <Value>
    </Value>
    <DataType>8</DataType>
    <Units>
    </Units>
  </Field>
  <Field>
    <Name>AcqTime</Name>
    <DisplayName>AcqTime</DisplayName>
    <Value>2024-04-18T13:12:29Z</Value>
    <DataType>8</DataType>
    <Units>
    </Units>
  </Field>
  <Field>
    <Name>SampleLockedRunMode</Name>
    <DisplayName>SampleLockedRunMode</DisplayName>
    <Value>False</Value>
    <DataType>8</DataType>
    <Units>
    </Units>
  </Field>
  <Field>
    <Name>RunCompletedFlag</Name>
    <DisplayName>RunCompletedFlag</DisplayName>
    <Value>True</Value>
    <DataType>8</DataType>
    <Units>
    </Units>
  </Field>
  <Field>
    <Name>InstrumentName</Name>
    <DisplayName>InstrumentName</DisplayName>
    <Value>Agilent 6546</Value>
    <DataType>8</DataType>
    <Units>
    </Units>
  </Field>
</SampleInfo>