﻿<?xml version="1.0" encoding="utf-8"?>
<MaxQuantParams xmlns:xsd="http://www.w3.org/2001/XMLSchema" xmlns:xsi="http://www.w3.org/2001/XMLSchema-instance" aifSilWeight="0" aifIsoWeight="0" aifTopx="0" aifCorrelation="0" aifCorrelationFirstPass="0" aifMinMass="0" aifMsmsTol="0" aifSecondPass="false" aifIterative="false" aifThresholdFdr="0" writeMsScansTable="true" writeMsmsScansTable="true" writeMs3ScansTable="true" writeAllPeptidesTable="true" writeMzRangeTable="true" disableMd5="false">
   <name>Session1</name>
   <maxQuantVersion>1.5.3.30</maxQuantVersion>
   <tempFolder />
   <numThreads>4</numThreads>
   <sendEmail>false</sendEmail>
   <fixedCombinedFolder />
   <ionCountIntensities>false</ionCountIntensities>
   <verboseColumnHeaders>false</verboseColumnHeaders>
   <fullMinMz>-1.7976931348623157E+308</fullMinMz>
   <fullMaxMz>1.7976931348623157E+308</fullMaxMz>
   <calcPeakProperties>false</calcPeakProperties>
   <showCentroidMassDifferences>false</showCentroidMassDifferences>
   <showIsotopeMassDifferences>false</showIsotopeMassDifferences>
   <filePaths>
      <string>D:\Data\impact II\targeted proteomics\data\middle-band CID\HeLa Pierce + HRM kit\MaxQuant processing\Pierce200ng_RTkit_Top20_nB_90min_BE1_01_821.d</string>
      <string>D:\Data\impact II\targeted proteomics\data\middle-band CID\HeLa Pierce + HRM kit\MaxQuant processing\Pierce200ng_RTkit_Top20_nB_90min_BE1_01_823.d</string>
      <string>D:\Data\impact II\targeted proteomics\data\middle-band CID\HeLa Pierce + HRM kit\MaxQuant processing\Pierce200ng_RTkit_Top20_nB_90min_BE1_01_827.d</string>
      <string>D:\Data\impact II\targeted proteomics\data\middle-band CID\HeLa Pierce + HRM kit\MaxQuant processing\Pierce200ng_RTkit_Top20_nB_90min_BE1_01_829.d</string>
      <string>D:\Data\impact II\targeted proteomics\data\middle-band CID\HeLa Pierce + HRM kit\MaxQuant processing\Pierce200ng_RTkit_Top20_nB_90min_BE1_01_815.d</string>
      <string>D:\Data\impact II\targeted proteomics\data\middle-band CID\HeLa Pierce + HRM kit\MaxQuant processing\Pierce200ng_RTkit_Top20_nB_90min_BE1_01_817.d</string>
   </filePaths>
   <experiments>
      <string>run 1</string>
      <string>run 2</string>
      <string>run 3</string>
      <string>run 4</string>
      <string>run 5</string>
      <string>run 6</string>
   </experiments>
   <fractions>
      <short>32767</short>
      <short>32767</short>
      <short>32767</short>
      <short>32767</short>
      <short>32767</short>
      <short>32767</short>
   </fractions>
   <paramGroupIndices>
      <int>0</int>
      <int>0</int>
      <int>0</int>
      <int>0</int>
      <int>0</int>
      <int>0</int>
   </paramGroupIndices>
   <parameterGroups>
      <parameterGroup>
         <maxCharge>5</maxCharge>
         <minPeakLen>3</minPeakLen>
         <useMs1Centroids>true</useMs1Centroids>
         <useMs2Centroids>true</useMs2Centroids>
         <cutPeaks>true</cutPeaks>
         <gapScans>1</gapScans>
         <minTime>NaN</minTime>
         <maxTime>NaN</maxTime>
         <matchType>MatchFromAndTo</matchType>
         <centroidMatchTol>0.008</centroidMatchTol>
         <centroidMatchTolInPpm>false</centroidMatchTolInPpm>
         <centroidHalfWidth>35</centroidHalfWidth>
         <centroidHalfWidthInPpm>true</centroidHalfWidthInPpm>
         <valleyFactor>1.2</valleyFactor>
         <advancedPeakSplitting>true</advancedPeakSplitting>
         <intensityThreshold>500</intensityThreshold>
         <msInstrument>1</msInstrument>
         <intensityDetermination>0</intensityDetermination>
         <labelMods>
            <string />
         </labelMods>
         <reQuantify>false</reQuantify>
         <lfqSkipNorm>false</lfqSkipNorm>
         <lfqMinEdgesPerNode>3</lfqMinEdgesPerNode>
         <lfqAvEdgesPerNode>6</lfqAvEdgesPerNode>
         <lfqMaxFeatures>100000</lfqMaxFeatures>
         <fastLfq>true</fastLfq>
         <lfqRestrictFeatures>false</lfqRestrictFeatures>
         <lfqMinRatioCount>2</lfqMinRatioCount>
         <useNormRatiosForHybridLfq>true</useNormRatiosForHybridLfq>
         <maxLabeledAa>0</maxLabeledAa>
         <maxNmods>5</maxNmods>
         <maxMissedCleavages>2</maxMissedCleavages>
         <multiplicity>1</multiplicity>
         <enzymes>
            <string>Trypsin/P</string>
         </enzymes>
         <enzymesFirstSearch />
         <useEnzymeFirstSearch>false</useEnzymeFirstSearch>
         <useVariableModificationsFirstSearch>false</useVariableModificationsFirstSearch>
         <variableModifications>
            <string>Oxidation (M)</string>
            <string>Acetyl (Protein N-term)</string>
         </variableModifications>
         <useMultiModification>false</useMultiModification>
         <multiModifications />
         <isobaricLabels />
         <variableModificationsFirstSearch />
         <hasAdditionalVariableModifications>false</hasAdditionalVariableModifications>
         <additionalVariableModifications />
         <additionalVariableModificationProteins />
         <doMassFiltering>true</doMassFiltering>
         <firstSearchTol>0.07</firstSearchTol>
         <mainSearchTol>0.006</mainSearchTol>
         <searchTolInPpm>false</searchTolInPpm>
         <isotopeMatchTol>0.005</isotopeMatchTol>
         <isotopeMatchTolInPpm>false</isotopeMatchTolInPpm>
         <isotopeTimeCorrelation>0.6</isotopeTimeCorrelation>
         <theorIsotopeCorrelation>0.6</theorIsotopeCorrelation>
         <recalibrationInPpm>false</recalibrationInPpm>
         <intensityDependentCalibration>true</intensityDependentCalibration>
         <minScoreForCalibration>47</minScoreForCalibration>
         <matchLibraryFile>false</matchLibraryFile>
         <libraryFile />
         <matchLibraryMassTolPpm>0</matchLibraryMassTolPpm>
         <matchLibraryTimeTolMin>0</matchLibraryTimeTolMin>
         <matchLabelTimeTolMin>0</matchLabelTimeTolMin>
         <reporterMassTolerance>NaN</reporterMassTolerance>
         <reporterPif>NaN</reporterPif>
         <filterPif>false</filterPif>
         <reporterFraction>NaN</reporterFraction>
         <reporterBasePeakRatio>NaN</reporterBasePeakRatio>
         <timsHalfWidth>0</timsHalfWidth>
         <timsStep>0</timsStep>
         <timsResolution>0</timsResolution>
         <timsMinMsmsIntensity>0</timsMinMsmsIntensity>
         <timsRemovePrecursor>true</timsRemovePrecursor>
         <crosslinkSearch>false</crosslinkSearch>
         <crosslinkMaxMonoUnsaturated>0</crosslinkMaxMonoUnsaturated>
         <crosslinkMaxMonoSaturated>0</crosslinkMaxMonoSaturated>
         <crosslinkMaxDiUnsaturated>0</crosslinkMaxDiUnsaturated>
         <crosslinkMaxDiSaturated>0</crosslinkMaxDiSaturated>
         <crosslinkUseSeparateFasta>false</crosslinkUseSeparateFasta>
         <crosslinkFastaFiles />
         <crosslinkMode>PeptidesWithCleavedLinker</crosslinkMode>
         <lcmsRunType>Standard</lcmsRunType>
         <lfqMode>1</lfqMode>
         <enzymeMode>0</enzymeMode>
         <enzymeModeFirstSearch>0</enzymeModeFirstSearch>
      </parameterGroup>
   </parameterGroups>
   <fixedModifications>
      <string>Carbamidomethyl (C)</string>
   </fixedModifications>
   <fastaFiles>
      <string>D:\Data\impact II\targeted proteomics\data\middle-band CID\Yeast+BSA+HRMkit\iRT_Fusion.fasta</string>
      <string>D:\Exchange\fasta\UniProt\proteomes\2013_05_29\HUMAN.fasta</string>
   </fastaFiles>
   <fastaFilesFirstSearch />
   <fixedSearchFolder />
   <advancedRatios>true</advancedRatios>
   <rtShift>false</rtShift>
   <separateLfq>false</separateLfq>
   <lfqStabilizeLargeRatios>true</lfqStabilizeLargeRatios>
   <lfqRequireMsms>true</lfqRequireMsms>
   <decoyMode>revert</decoyMode>
   <includeContaminants>true</includeContaminants>
   <topxWindow>100</topxWindow>
   <maxPeptideMass>4600</maxPeptideMass>
   <epsilonMutationScore>true</epsilonMutationScore>
   <mutatedPeptidesSeparately>true</mutatedPeptidesSeparately>
   <minDeltaScoreUnmodifiedPeptides>0</minDeltaScoreUnmodifiedPeptides>
   <minDeltaScoreModifiedPeptides>6</minDeltaScoreModifiedPeptides>
   <minScoreUnmodifiedPeptides>0</minScoreUnmodifiedPeptides>
   <minScoreModifiedPeptides>40</minScoreModifiedPeptides>
   <secondPeptide>false</secondPeptide>
   <matchBetweenRuns>false</matchBetweenRuns>
   <matchUnidentifiedFeatures>false</matchUnidentifiedFeatures>
   <matchBetweenRunsFdr>false</matchBetweenRunsFdr>
   <dependentPeptides>false</dependentPeptides>
   <dependentPeptideFdr>0</dependentPeptideFdr>
   <dependentPeptideMassBin>0</dependentPeptideMassBin>
   <msmsConnection>false</msmsConnection>
   <ibaq>false</ibaq>
   <useDeltaScore>false</useDeltaScore>
   <splitProteinGroupsByTaxonomy>false</splitProteinGroupsByTaxonomy>
   <taxonomyLevel>Species</taxonomyLevel>
   <avalon>false</avalon>
   <ibaqLogFit>false</ibaqLogFit>
   <razorProteinFdr>true</razorProteinFdr>
   <deNovoSequencing>false</deNovoSequencing>
   <deNovoVarMods>true</deNovoVarMods>
   <massDifferenceSearch>false</massDifferenceSearch>
   <minPepLen>7</minPepLen>
   <peptideFdr>0.01</peptideFdr>
   <proteinFdr>0.01</proteinFdr>
   <siteFdr>0.01</siteFdr>
   <minPeptideLengthForUnspecificSearch>8</minPeptideLengthForUnspecificSearch>
   <maxPeptideLengthForUnspecificSearch>25</maxPeptideLengthForUnspecificSearch>
   <useNormRatiosForOccupancy>true</useNormRatiosForOccupancy>
   <minPeptides>1</minPeptides>
   <minRazorPeptides>1</minRazorPeptides>
   <minUniquePeptides>0</minUniquePeptides>
   <useCounterparts>false</useCounterparts>
   <advancedSiteIntensities>true</advancedSiteIntensities>
   <customProteinQuantification>false</customProteinQuantification>
   <customProteinQuantificationFile />
   <minRatioCount>2</minRatioCount>
   <restrictProteinQuantification>true</restrictProteinQuantification>
   <restrictMods>
      <string>Oxidation (M)</string>
      <string>Acetyl (Protein N-term)</string>
   </restrictMods>
   <matchingTimeWindow>0</matchingTimeWindow>
   <alignmentTimeWindow>0</alignmentTimeWindow>
   <numberOfCandidatesMultiplexedMsms>25</numberOfCandidatesMultiplexedMsms>
   <numberOfCandidatesMsms>15</numberOfCandidatesMsms>
   <massDifferenceMods />
   <mainSearchMaxCombinations>200</mainSearchMaxCombinations>
   <msmsParamsArray>
      <msmsParams Name="FTMS" MatchToleranceInPpm="true" DeisotopeToleranceInPpm="true" DeNovoToleranceInPpm="true" Deisotope="true" Topx="12" HigherCharges="true" IncludeWater="true" IncludeAmmonia="true" DependentLosses="true" Recalibration="false">
         <MatchTolerance>20</MatchTolerance>
         <DeisotopeTolerance>7</DeisotopeTolerance>
         <DeNovoTolerance>10</DeNovoTolerance>
      </msmsParams>
      <msmsParams Name="ITMS" MatchToleranceInPpm="false" DeisotopeToleranceInPpm="false" DeNovoToleranceInPpm="false" Deisotope="false" Topx="8" HigherCharges="true" IncludeWater="true" IncludeAmmonia="true" DependentLosses="true" Recalibration="false">
         <MatchTolerance>0.5</MatchTolerance>
         <DeisotopeTolerance>0.15</DeisotopeTolerance>
         <DeNovoTolerance>0.25</DeNovoTolerance>
      </msmsParams>
      <msmsParams Name="TOF" MatchToleranceInPpm="true" DeisotopeToleranceInPpm="false" DeNovoToleranceInPpm="false" Deisotope="true" Topx="10" HigherCharges="true" IncludeWater="true" IncludeAmmonia="true" DependentLosses="true" Recalibration="true">
         <MatchTolerance>40</MatchTolerance>
         <DeisotopeTolerance>0.01</DeisotopeTolerance>
         <DeNovoTolerance>0.02</DeNovoTolerance>
      </msmsParams>
      <msmsParams Name="Unknown" MatchToleranceInPpm="false" DeisotopeToleranceInPpm="false" DeNovoToleranceInPpm="false" Deisotope="false" Topx="8" HigherCharges="true" IncludeWater="true" IncludeAmmonia="true" DependentLosses="true" Recalibration="false">
         <MatchTolerance>0.5</MatchTolerance>
         <DeisotopeTolerance>0.15</DeisotopeTolerance>
         <DeNovoTolerance>0.25</DeNovoTolerance>
      </msmsParams>
   </msmsParamsArray>
   <compositionPrediction>0</compositionPrediction>
   <quantMode>1</quantMode>
   <variationMode>none</variationMode>
</MaxQuantParams>